,min,max,mean,std,skew
body_acc_x,-1.232238,1.299912,-0.000665332476465369,0.19189044954045664,1.0452480598075808
body_acc_y,-1.345267,0.9759764,-0.0003175072840447634,0.12190816889617075,-1.0501262128592657
body_acc_z,-1.364707,1.066916,-0.0002039500246678812,0.10375966914899425,-0.5781666363830235
body_gyro_x,-4.733656,4.155473,-0.003411295358759433,0.40394238098293467,-0.24075773381056
body_gyro_y,-5.97433,5.746062,-0.00017160601198256447,0.37047979095163525,0.5125312452827416
body_gyro_z,-2.763014,2.365982,0.000896028225142944,0.25395178180574896,-0.5086258640898961
total_acc_x,-0.4665558,2.197618,0.808330095745137,0.4119905787350172,-0.7566010998693106
total_acc_y,-1.588211,1.21735,0.02177181025548389,0.39728443741001834,0.8208957803061646
total_acc_z,-1.639609,1.281363,0.08483051955373602,0.34425429564996696,0.4408182780120522
