subject_A,subject_B,flag_index,samples_after_true_drift,severity,raw_gain,control_gain,accuracy_gain,benefit_score,is_false_alarm,is_real_detection
1,10,409,62,0.033,0.0,0.0,0.0,0.0,False,True
1,10,494,147,0.033,0.05,0.0,0.05,0.0017,False,True
1,16,383,36,0.033,-0.16,0.0,-0.16,-0.0053,False,True
1,16,529,182,0.133,0.37,0.0,0.37,0.0493,False,True
1,9,349,2,0.033,0.04,0.0,0.04,0.0013,False,True
1,9,500,153,0.3,-0.05,0.0,-0.05,-0.015,False,True
1,5,347,0,0.033,0.14,0.0,0.14,0.0047,False,True
1,5,513,166,0.267,0.17,0.0,0.17,0.0453,False,True
1,4,349,2,0.033,0.03,0.0,0.03,0.001,False,True
1,2,378,31,0.033,0.0,0.0,0.0,0.0,False,True
5,10,166,-136,0.118,0.18,0.0,0.18,0.0212,True,False
5,10,460,158,0.278,0.1,0.0,0.1,0.0278,False,True
8,16,136,-145,0.0,0.14,0.0,0.14,0.0,True,False
8,16,468,187,0.261,0.32,0.0,0.32,0.0834,False,True
2,9,31,-271,0.0,0.01,0.0,0.01,0.0,True,False
2,9,315,13,0.331,-0.02,0.0,-0.02,-0.0066,False,True
2,9,451,149,0.071,-0.07,0.0,-0.07,-0.005,False,True
14,4,209,-114,0.068,0.04,0.0,0.04,0.0027,True,False
14,4,329,6,0.137,-0.01,0.0,-0.01,-0.0014,False,True
12,25,43,-277,0.0,-0.09,0.0,-0.09,-0.0,True,False
12,25,138,-182,0.068,0.03,0.0,0.03,0.002,True,False
12,25,342,22,0.137,0.0,0.0,0.0,0.0,False,True
12,25,515,195,0.344,0.03,0.0,0.03,0.0103,False,True
6,7,50,-275,0.0,-0.01,0.0,-0.01,-0.0,True,False
6,7,207,-118,0.0,0.03,0.0,0.03,0.0,True,False
