subject_A,subject_B,detector,acc_A,acc_B,error_before,error_after,total_flags,false_positives_pre_drift,detected_within_window,detection_delay_samples
1,10,ADWIN,1.0,0.5510204081632653,0.0,0.449,1,0,True,164
1,10,DDM,1.0,0.5510204081632653,0.0,0.449,2,0,True,62
1,10,PageHinkley,1.0,0.5510204081632653,0.0,0.449,2,0,True,156
1,16,ADWIN,1.0,0.7650273224043715,0.0,0.235,2,0,True,196
1,16,DDM,1.0,0.7650273224043715,0.0,0.235,2,0,True,36
1,16,PageHinkley,1.0,0.7650273224043715,0.0,0.235,2,0,True,185
1,9,ADWIN,1.0,0.7951388888888888,0.0,0.205,2,0,True,36
1,9,DDM,1.0,0.7951388888888888,0.0,0.205,2,0,True,2
1,9,PageHinkley,1.0,0.7951388888888888,0.0,0.205,4,0,True,12
1,5,ADWIN,1.0,0.8311258278145696,0.0,0.169,2,0,True,36
1,5,DDM,1.0,0.8311258278145696,0.0,0.169,2,0,True,0
1,5,PageHinkley,1.0,0.8311258278145696,0.0,0.169,4,0,True,10
1,4,ADWIN,1.0,0.8706624605678234,0.0,0.129,1,0,True,36
1,4,DDM,1.0,0.8706624605678234,0.0,0.129,1,0,True,2
1,4,PageHinkley,1.0,0.8706624605678234,0.0,0.129,2,0,True,12
1,2,ADWIN,1.0,0.8973509933774835,0.0,0.103,1,0,True,68
1,2,DDM,1.0,0.8973509933774835,0.0,0.103,1,0,True,31
1,2,PageHinkley,1.0,0.8973509933774835,0.0,0.103,2,0,True,41
