policy,tau,retrain_events,wasted_retrains,overall_accuracy,post_drift_accuracy,buffer_kb,subject_A,subject_B,pair_type
never_retrain,,0,0,0.7940717628705148,0.5510204081632653,18.5,1,10,auto
fixed_schedule,,6,3,0.8361934477379095,0.6428571428571428,18.75,1,10,auto
every_flag,,2,0,0.8377535101404057,0.6462585034013606,18.75,1,10,auto
cost_gate_tau0.15,0.15,0,0,0.7940717628705148,0.5510204081632653,18.5,1,10,auto
cost_gate_tau0.10,0.1,0,0,0.7940717628705148,0.5510204081632653,18.5,1,10,auto
cost_gate_tau0.05,0.05,0,0,0.7940717628705148,0.5510204081632653,18.5,1,10,auto
never_retrain,,0,0,0.8793828892005611,0.7650273224043715,18.5,1,16,auto
fixed_schedule,,7,3,0.9144460028050491,0.8333333333333334,18.75,1,16,auto
every_flag,,2,0,0.8934081346423562,0.7923497267759563,18.56,1,16,auto
cost_gate_tau0.15,0.15,0,0,0.8793828892005611,0.7650273224043715,18.5,1,16,auto
cost_gate_tau0.10,0.1,1,0,0.9312762973352033,0.8661202185792349,18.5,1,16,auto
cost_gate_tau0.05,0.05,1,0,0.9312762973352033,0.8661202185792349,18.5,1,16,auto
never_retrain,,0,0,0.9070866141732283,0.7951388888888888,18.5,1,9,auto
fixed_schedule,,6,3,0.9039370078740158,0.7881944444444444,18.75,1,9,auto
every_flag,,3,0,0.9165354330708662,0.8159722222222222,18.75,1,9,auto
cost_gate_tau0.15,0.15,1,0,0.9039370078740158,0.7881944444444444,18.56,1,9,auto
cost_gate_tau0.10,0.1,1,0,0.9039370078740158,0.7881944444444444,18.56,1,9,auto
cost_gate_tau0.05,0.05,1,0,0.9039370078740158,0.7881944444444444,18.56,1,9,auto
never_retrain,,0,0,0.9214175654853621,0.8311258278145696,18.5,1,5,auto
fixed_schedule,,6,3,0.9522342064714946,0.8973509933774835,18.75,1,5,auto
every_flag,,3,0,0.9676425269645609,0.9304635761589404,18.75,1,5,auto
cost_gate_tau0.15,0.15,1,0,0.9476117103235747,0.8874172185430463,18.5,1,5,auto
cost_gate_tau0.10,0.1,1,0,0.9476117103235747,0.8874172185430463,18.5,1,5,auto
cost_gate_tau0.05,0.05,1,0,0.9476117103235747,0.8874172185430463,18.5,1,5,auto
never_retrain,,0,0,0.9382530120481928,0.8706624605678234,18.5,1,4,auto
fixed_schedule,,6,3,0.9608433734939759,0.917981072555205,18.75,1,4,auto
every_flag,,3,0,0.9623493975903614,0.9211356466876972,18.75,1,4,auto
cost_gate_tau0.15,0.15,0,0,0.9382530120481928,0.8706624605678234,18.5,1,4,auto
cost_gate_tau0.10,0.1,0,0,0.9382530120481928,0.8706624605678234,18.5,1,4,auto
cost_gate_tau0.05,0.05,0,0,0.9382530120481928,0.8706624605678234,18.5,1,4,auto
never_retrain,,0,0,0.9522342064714946,0.8973509933774835,18.5,1,2,auto
fixed_schedule,,6,3,0.963020030816641,0.9205298013245033,18.75,1,2,auto
every_flag,,1,0,0.9522342064714946,0.8973509933774835,18.56,1,2,auto
cost_gate_tau0.15,0.15,0,0,0.9522342064714946,0.8973509933774835,18.5,1,2,auto
cost_gate_tau0.10,0.1,0,0,0.9522342064714946,0.8973509933774835,18.5,1,2,auto
cost_gate_tau0.05,0.05,0,0,0.9522342064714946,0.8973509933774835,18.5,1,2,auto
never_retrain,,0,0,0.6929530201342282,0.5510204081632653,18.0,5,10,forced
fixed_schedule,,5,3,0.8120805369127517,0.7210884353741497,18.75,5,10,forced
every_flag,,4,2,0.802013422818792,0.7108843537414966,18.75,5,10,forced
cost_gate_tau0.15,0.15,1,0,0.7097315436241611,0.5850340136054422,18.19,5,10,forced
cost_gate_tau0.10,0.1,2,1,0.7667785234899329,0.6394557823129252,18.19,5,10,forced
cost_gate_tau0.05,0.05,2,1,0.7667785234899329,0.6394557823129252,18.19,5,10,forced
never_retrain,,0,0,0.8438948995363215,0.7650273224043715,17.06,8,16,forced
fixed_schedule,,6,2,0.8856259659969088,0.7978142076502732,18.44,8,16,forced
every_flag,,3,1,0.8902627511591963,0.8087431693989071,18.25,8,16,forced
cost_gate_tau0.15,0.15,1,0,0.893353941267388,0.8524590163934427,17.62,8,16,forced
cost_gate_tau0.10,0.1,1,0,0.893353941267388,0.8524590163934427,17.62,8,16,forced
cost_gate_tau0.05,0.05,1,0,0.893353941267388,0.8524590163934427,17.62,8,16,forced
never_retrain,,0,0,0.847457627118644,0.7951388888888888,18.06,2,9,forced
fixed_schedule,,5,3,0.8508474576271187,0.7743055555555556,18.75,2,9,forced
every_flag,,3,1,0.8745762711864407,0.7465277777777778,18.44,2,9,forced
cost_gate_tau0.15,0.15,1,0,0.8372881355932204,0.7743055555555556,18.19,2,9,forced
cost_gate_tau0.10,0.1,2,0,0.8288135593220339,0.7569444444444444,18.38,2,9,forced
cost_gate_tau0.05,0.05,2,0,0.8288135593220339,0.7569444444444444,18.38,2,9,forced
never_retrain,,0,0,0.91875,0.8706624605678234,18.44,14,4,forced
fixed_schedule,,6,3,0.9203125,0.8517350157728707,18.75,14,4,forced
every_flag,,3,1,0.9265625,0.8706624605678234,18.56,14,4,forced
cost_gate_tau0.15,0.15,0,0,0.91875,0.8706624605678234,18.44,14,4,forced
cost_gate_tau0.10,0.1,2,0,0.9234375,0.8801261829652997,18.44,14,4,forced
cost_gate_tau0.05,0.05,2,1,0.9265625,0.8706624605678234,18.44,14,4,forced
never_retrain,,0,0,0.9368998628257887,0.9144254278728606,18.5,12,25,forced
fixed_schedule,,7,3,0.9547325102880658,0.9290953545232274,18.75,12,25,forced
every_flag,,4,3,0.9602194787379973,0.9364303178484108,18.75,12,25,forced
cost_gate_tau0.15,0.15,1,0,0.9410150891632373,0.921760391198044,18.75,12,25,forced
cost_gate_tau0.10,0.1,1,0,0.9492455418381345,0.9364303178484108,18.5,12,25,forced
cost_gate_tau0.05,0.05,1,1,0.9547325102880658,0.9339853300733496,18.75,12,25,forced
never_retrain,,0,0,0.9699842022116903,0.9805194805194806,18.62,6,7,forced
fixed_schedule,,6,3,0.9541864139020537,0.9090909090909091,18.75,6,7,forced
every_flag,,3,2,0.9541864139020537,0.9123376623376623,18.75,6,7,forced
cost_gate_tau0.15,0.15,0,0,0.9699842022116903,0.9805194805194806,18.62,6,7,forced
cost_gate_tau0.10,0.1,0,0,0.9699842022116903,0.9805194805194806,18.62,6,7,forced
cost_gate_tau0.05,0.05,0,0,0.9699842022116903,0.9805194805194806,18.62,6,7,forced
