,,avg_retrains,avg_wasted_retrains,avg_post_drift_acc,acc_std_across_seeds,acc_std_across_pairs,acc_vs_never_retrain
tuned_12,never_retrain,0.0,0.0,0.799,0.0,0.132,0.0
tuned_12,fixed_schedule,6.0,2.917,0.824,0.002,0.087,0.025
tuned_12,every_flag,2.806,0.75,0.824,0.004,0.096,0.025
tuned_12,cost_gate_tau0.15,0.5,0.0,0.814,0.001,0.125,0.015
tuned_12,cost_gate_tau0.10,0.944,0.083,0.827,0.004,0.119,0.028
tuned_12,cost_gate_tau0.05,0.972,0.25,0.828,0.001,0.115,0.029
heldout_6,never_retrain,0.0,0.0,0.938,0.0,0.021,0.0
heldout_6,fixed_schedule,6.667,3.0,0.945,0.001,0.044,0.007
heldout_6,every_flag,2.056,0.5,0.945,0.002,0.045,0.007
heldout_6,cost_gate_tau0.15,0.667,0.0,0.948,0.0,0.031,0.01
heldout_6,cost_gate_tau0.10,0.667,0.0,0.948,0.0,0.031,0.01
heldout_6,cost_gate_tau0.05,0.667,0.0,0.948,0.0,0.031,0.01
all_18,never_retrain,0.0,0.0,0.845,0.0,0.126,0.0
all_18,fixed_schedule,6.222,2.944,0.864,0.001,0.094,0.019
all_18,every_flag,2.556,0.667,0.864,0.002,0.1,0.019
all_18,cost_gate_tau0.15,0.556,0.0,0.859,0.001,0.121,0.013
all_18,cost_gate_tau0.10,0.852,0.056,0.867,0.002,0.113,0.022
all_18,cost_gate_tau0.05,0.87,0.167,0.868,0.0,0.111,0.023
