policy,retrain_events,overall_accuracy,post_drift_accuracy,buffer_kb,subject_A,subject_B
fixed_schedule,6,0.8361934477379095,0.6428571428571428,18.75,1,10
every_flag,2,0.8408736349453978,0.653061224489796,18.75,1,10
cost_gate,0,0.7940717628705148,0.5510204081632653,18.5,1,10
fixed_schedule,7,0.9158485273492286,0.8360655737704918,18.75,1,16
every_flag,2,0.8962131837307152,0.7978142076502732,18.56,1,16
cost_gate,0,0.8793828892005611,0.7650273224043715,18.5,1,16
fixed_schedule,6,0.8913385826771654,0.7604166666666666,18.75,1,9
every_flag,3,0.9149606299212598,0.8125,18.75,1,9
cost_gate,1,0.8992125984251969,0.7777777777777778,18.56,1,9
fixed_schedule,6,0.9506933744221879,0.8940397350993378,18.75,1,5
every_flag,3,0.9784283513097073,0.9536423841059603,18.75,1,5
cost_gate,1,0.9476117103235747,0.8874172185430463,18.5,1,5
fixed_schedule,6,0.963855421686747,0.9242902208201893,18.75,1,4
every_flag,3,0.9608433734939759,0.917981072555205,18.75,1,4
cost_gate,0,0.9382530120481928,0.8706624605678234,18.5,1,4
fixed_schedule,6,0.963020030816641,0.9205298013245033,18.75,1,2
every_flag,1,0.9522342064714946,0.8973509933774835,18.56,1,2
cost_gate,0,0.9522342064714946,0.8973509933774835,18.5,1,2
