tau,false_alarms_avoided,false_alarms_still_retrained_on,real_detections_kept,real_detections_ignored
-0.022,0,8,16,1
-0.012,0,8,15,2
-0.002,0,8,14,3
0.008,6,2,8,9
0.018,7,1,6,11
0.028,7,1,5,12
0.038,7,1,4,13
0.048,7,1,4,13
0.058,7,1,4,13
0.068,7,1,4,13
0.078,7,1,4,13
0.088,8,0,3,14
0.098,8,0,3,14
0.108,8,0,3,14
0.118,8,0,3,14
0.128,8,0,3,14
0.138,8,0,2,15
0.148,8,0,2,15
0.158,8,0,2,15
0.168,8,0,2,15
0.178,8,0,1,16
0.188,8,0,1,16
0.198,8,0,1,16
0.208,8,0,1,16
0.218,8,0,1,16
0.228,8,0,1,16
0.238,8,0,1,16
0.248,8,0,1,16
0.258,8,0,0,17
