,policy,avg_retrains,avg_wasted_retrains,avg_post_drift_accuracy,avg_buffer_kb,acc_vs_never_retrain
all_pairs,never_retrain,0.0,0.0,0.799,18.307,0.0
all_pairs,fixed_schedule,6.0,2.917,0.832,18.724,0.033
all_pairs,every_flag,2.833,0.833,0.832,18.635,0.033
all_pairs,cost_gate_tau0.15,0.5,0.0,0.812,18.406,0.013
all_pairs,cost_gate_tau0.10,0.917,0.083,0.826,18.401,0.027
all_pairs,cost_gate_tau0.05,0.917,0.25,0.825,18.422,0.026
auto_pairs,never_retrain,0.0,0.0,0.785,18.5,0.0
auto_pairs,fixed_schedule,6.167,3.0,0.833,18.75,0.048
auto_pairs,every_flag,2.333,0.0,0.834,18.687,0.049
auto_pairs,cost_gate_tau0.15,0.333,0.0,0.793,18.51,0.008
auto_pairs,cost_gate_tau0.10,0.5,0.0,0.81,18.51,0.025
auto_pairs,cost_gate_tau0.05,0.5,0.0,0.81,18.51,0.025
forced_pairs,never_retrain,0.0,0.0,0.813,18.113,0.0
forced_pairs,fixed_schedule,5.833,2.833,0.831,18.698,0.018
forced_pairs,every_flag,3.333,1.667,0.831,18.583,0.018
forced_pairs,cost_gate_tau0.15,0.667,0.0,0.831,18.302,0.018
forced_pairs,cost_gate_tau0.10,1.333,0.167,0.841,18.292,0.028
forced_pairs,cost_gate_tau0.05,1.333,0.5,0.839,18.333,0.026
