policy,tau,retrain_events,wasted_retrains,overall_accuracy,post_drift_accuracy,buffer_kb,seed,subject_A,subject_B,pair_type,pair_id
never_retrain,,0,0,0.7940717628705148,0.5510204081632653,18.5,42,1,10,auto,1-10
fixed_schedule,,6,3,0.8377535101404057,0.6462585034013606,18.75,42,1,10,auto,1-10
every_flag,,2,0,0.8424336973478939,0.6564625850340136,18.75,42,1,10,auto,1-10
cost_gate_tau0.15,0.15,0,0,0.7940717628705148,0.5510204081632653,18.5,42,1,10,auto,1-10
cost_gate_tau0.10,0.1,0,0,0.7940717628705148,0.5510204081632653,18.5,42,1,10,auto,1-10
cost_gate_tau0.05,0.05,0,0,0.7940717628705148,0.5510204081632653,18.5,42,1,10,auto,1-10
never_retrain,,0,0,0.8793828892005611,0.7650273224043715,18.5,42,1,16,auto,1-16
fixed_schedule,,7,3,0.9102384291725105,0.825136612021858,18.75,42,1,16,auto,1-16
every_flag,,3,0,0.8934081346423562,0.7923497267759563,18.69,42,1,16,auto,1-16
cost_gate_tau0.15,0.15,0,0,0.8793828892005611,0.7650273224043715,18.5,42,1,16,auto,1-16
cost_gate_tau0.10,0.1,1,0,0.9312762973352033,0.8661202185792349,18.5,42,1,16,auto,1-16
cost_gate_tau0.05,0.05,1,0,0.9312762973352033,0.8661202185792349,18.5,42,1,16,auto,1-16
never_retrain,,0,0,0.9070866141732283,0.7951388888888888,18.5,42,1,9,auto,1-9
fixed_schedule,,6,3,0.9007874015748032,0.78125,18.75,42,1,9,auto,1-9
every_flag,,3,0,0.9133858267716536,0.8090277777777778,18.75,42,1,9,auto,1-9
cost_gate_tau0.15,0.15,1,0,0.9023622047244094,0.7847222222222222,18.56,42,1,9,auto,1-9
cost_gate_tau0.10,0.1,1,0,0.9023622047244094,0.7847222222222222,18.56,42,1,9,auto,1-9
cost_gate_tau0.05,0.05,1,0,0.9023622047244094,0.7847222222222222,18.56,42,1,9,auto,1-9
never_retrain,,0,0,0.9214175654853621,0.8311258278145696,18.5,42,1,5,auto,1-5
fixed_schedule,,6,3,0.9506933744221879,0.8940397350993378,18.75,42,1,5,auto,1-5
every_flag,,3,0,0.9707241910631741,0.9370860927152318,18.75,42,1,5,auto,1-5
cost_gate_tau0.15,0.15,1,0,0.9476117103235747,0.8874172185430463,18.5,42,1,5,auto,1-5
cost_gate_tau0.10,0.1,1,0,0.9476117103235747,0.8874172185430463,18.5,42,1,5,auto,1-5
cost_gate_tau0.05,0.05,1,0,0.9476117103235747,0.8874172185430463,18.5,42,1,5,auto,1-5
never_retrain,,0,0,0.9382530120481928,0.8706624605678234,18.5,42,1,4,auto,1-4
fixed_schedule,,6,3,0.963855421686747,0.9242902208201893,18.75,42,1,4,auto,1-4
every_flag,,3,0,0.9578313253012049,0.9116719242902208,18.75,42,1,4,auto,1-4
cost_gate_tau0.15,0.15,0,0,0.9382530120481928,0.8706624605678234,18.5,42,1,4,auto,1-4
cost_gate_tau0.10,0.1,0,0,0.9382530120481928,0.8706624605678234,18.5,42,1,4,auto,1-4
cost_gate_tau0.05,0.05,0,0,0.9382530120481928,0.8706624605678234,18.5,42,1,4,auto,1-4
never_retrain,,0,0,0.9522342064714946,0.8973509933774835,18.5,42,1,2,auto,1-2
fixed_schedule,,6,3,0.963020030816641,0.9205298013245033,18.75,42,1,2,auto,1-2
every_flag,,1,0,0.9522342064714946,0.8973509933774835,18.56,42,1,2,auto,1-2
cost_gate_tau0.15,0.15,0,0,0.9522342064714946,0.8973509933774835,18.5,42,1,2,auto,1-2
cost_gate_tau0.10,0.1,0,0,0.9522342064714946,0.8973509933774835,18.5,42,1,2,auto,1-2
cost_gate_tau0.05,0.05,0,0,0.9522342064714946,0.8973509933774835,18.5,42,1,2,auto,1-2
never_retrain,,0,0,0.6929530201342282,0.5510204081632653,18.0,42,5,10,forced,5-10
fixed_schedule,,5,3,0.8238255033557047,0.7312925170068028,18.75,42,5,10,forced,5-10
every_flag,,4,2,0.8036912751677853,0.7244897959183674,18.75,42,5,10,forced,5-10
cost_gate_tau0.15,0.15,1,0,0.7197986577181208,0.6054421768707483,18.19,42,5,10,forced,5-10
cost_gate_tau0.10,0.1,1,1,0.7483221476510067,0.6122448979591837,18.19,42,5,10,forced,5-10
cost_gate_tau0.05,0.05,2,1,0.7919463087248322,0.7006802721088435,18.25,42,5,10,forced,5-10
never_retrain,,0,0,0.8438948995363215,0.7650273224043715,17.06,42,8,16,forced,8-16
fixed_schedule,,6,2,0.8825347758887172,0.7923497267759563,18.44,42,8,16,forced,8-16
every_flag,,3,1,0.884080370942813,0.7978142076502732,18.25,42,8,16,forced,8-16
cost_gate_tau0.15,0.15,1,0,0.8918083462132921,0.8497267759562841,17.62,42,8,16,forced,8-16
cost_gate_tau0.10,0.1,1,0,0.8918083462132921,0.8497267759562841,17.62,42,8,16,forced,8-16
cost_gate_tau0.05,0.05,1,0,0.8918083462132921,0.8497267759562841,17.62,42,8,16,forced,8-16
never_retrain,,0,0,0.847457627118644,0.7951388888888888,18.06,42,2,9,forced,2-9
fixed_schedule,,5,3,0.8559322033898304,0.7847222222222222,18.75,42,2,9,forced,2-9
every_flag,,3,1,0.8728813559322034,0.7430555555555556,18.44,42,2,9,forced,2-9
cost_gate_tau0.15,0.15,1,0,0.840677966101695,0.78125,18.19,42,2,9,forced,2-9
cost_gate_tau0.10,0.1,2,0,0.8288135593220339,0.7569444444444444,18.38,42,2,9,forced,2-9
cost_gate_tau0.05,0.05,2,0,0.8288135593220339,0.7569444444444444,18.38,42,2,9,forced,2-9
never_retrain,,0,0,0.91875,0.8706624605678234,18.44,42,14,4,forced,14-4
fixed_schedule,,6,3,0.9046875,0.8233438485804416,18.75,42,14,4,forced,14-4
every_flag,,3,1,0.915625,0.8485804416403786,18.56,42,14,4,forced,14-4
cost_gate_tau0.15,0.15,0,0,0.91875,0.8706624605678234,18.44,42,14,4,forced,14-4
cost_gate_tau0.10,0.1,2,0,0.9234375,0.8801261829652997,18.44,42,14,4,forced,14-4
cost_gate_tau0.05,0.05,2,1,0.925,0.8675078864353312,18.44,42,14,4,forced,14-4
never_retrain,,0,0,0.9368998628257887,0.9144254278728606,18.5,42,12,25,forced,12-25
fixed_schedule,,7,3,0.9314128943758573,0.8875305623471883,18.75,42,12,25,forced,12-25
every_flag,,4,3,0.9478737997256516,0.9144254278728606,18.75,42,12,25,forced,12-25
cost_gate_tau0.15,0.15,1,0,0.9410150891632373,0.921760391198044,18.75,42,12,25,forced,12-25
cost_gate_tau0.10,0.1,1,0,0.9506172839506173,0.9388753056234719,18.5,42,12,25,forced,12-25
cost_gate_tau0.05,0.05,1,1,0.953360768175583,0.9315403422982885,18.75,42,12,25,forced,12-25
never_retrain,,0,0,0.9699842022116903,0.9805194805194806,18.62,42,6,7,forced,6-7
fixed_schedule,,6,3,0.9494470774091627,0.8993506493506493,18.75,42,6,7,forced,6-7
every_flag,,2,1,0.9510268562401264,0.9025974025974026,18.75,42,6,7,forced,6-7
cost_gate_tau0.15,0.15,0,0,0.9699842022116903,0.9805194805194806,18.62,42,6,7,forced,6-7
cost_gate_tau0.10,0.1,0,0,0.9699842022116903,0.9805194805194806,18.62,42,6,7,forced,6-7
cost_gate_tau0.05,0.05,0,0,0.9699842022116903,0.9805194805194806,18.62,42,6,7,forced,6-7
never_retrain,,0,0,0.9455587392550143,0.9005235602094241,18.31,42,11,28,heldout,11-28
fixed_schedule,,6,3,0.9455587392550143,0.9005235602094241,18.75,42,11,28,heldout,11-28
every_flag,,2,0,0.9455587392550143,0.9005235602094241,18.5,42,11,28,heldout,11-28
cost_gate_tau0.15,0.15,1,0,0.9455587392550143,0.9005235602094241,18.5,42,11,28,heldout,11-28
cost_gate_tau0.10,0.1,1,0,0.9455587392550143,0.9005235602094241,18.5,42,11,28,heldout,11-28
cost_gate_tau0.05,0.05,1,0,0.9455587392550143,0.9005235602094241,18.5,42,11,28,heldout,11-28
never_retrain,,0,0,0.9642857142857143,0.9302325581395349,18.12,42,15,29,heldout,15-29
fixed_schedule,,6,3,0.9642857142857143,0.9302325581395349,18.75,42,15,29,heldout,15-29
every_flag,,1,0,0.9657738095238095,0.9331395348837209,18.56,42,15,29,heldout,15-29
cost_gate_tau0.15,0.15,0,0,0.9642857142857143,0.9302325581395349,18.12,42,15,29,heldout,15-29
cost_gate_tau0.10,0.1,0,0,0.9642857142857143,0.9302325581395349,18.12,42,15,29,heldout,15-29
cost_gate_tau0.05,0.05,0,0,0.9642857142857143,0.9302325581395349,18.12,42,15,29,heldout,15-29
never_retrain,,0,0,0.9685792349726776,0.9381720430107527,17.44,42,19,23,heldout,19-23
fixed_schedule,,7,3,0.9453551912568307,0.8924731182795699,18.75,42,19,23,heldout,19-23
every_flag,,4,0,0.9385245901639344,0.8790322580645161,18.75,42,19,23,heldout,19-23
cost_gate_tau0.15,0.15,0,0,0.9685792349726776,0.9381720430107527,17.44,42,19,23,heldout,19-23
cost_gate_tau0.10,0.1,0,0,0.9685792349726776,0.9381720430107527,17.44,42,19,23,heldout,19-23
cost_gate_tau0.05,0.05,0,0,0.9685792349726776,0.9381720430107527,17.44,42,19,23,heldout,19-23
never_retrain,,0,0,0.9510204081632653,0.9436274509803921,18.5,42,13,21,heldout,13-21
fixed_schedule,,7,3,0.9823129251700681,0.9926470588235294,18.75,42,13,21,heldout,13-21
every_flag,,3,1,0.9959183673469387,0.9950980392156863,18.56,42,13,21,heldout,13-21
cost_gate_tau0.15,0.15,1,0,0.9714285714285714,0.9803921568627451,18.56,42,13,21,heldout,13-21
cost_gate_tau0.10,0.1,1,0,0.9714285714285714,0.9803921568627451,18.56,42,13,21,heldout,13-21
cost_gate_tau0.05,0.05,1,0,0.9714285714285714,0.9803921568627451,18.56,42,13,21,heldout,13-21
never_retrain,,0,0,0.9598393574297188,0.9560439560439561,18.75,42,30,18,heldout,30-18
fixed_schedule,,7,3,0.9692101740294511,0.9615384615384616,18.75,42,30,18,heldout,30-18
every_flag,,2,1,0.965194109772423,0.9615384615384616,18.75,42,30,18,heldout,30-18
cost_gate_tau0.15,0.15,1,0,0.9625167336010709,0.9615384615384616,18.75,42,30,18,heldout,30-18
cost_gate_tau0.10,0.1,1,0,0.9625167336010709,0.9615384615384616,18.75,42,30,18,heldout,30-18
cost_gate_tau0.05,0.05,1,0,0.9625167336010709,0.9615384615384616,18.75,42,30,18,heldout,30-18
never_retrain,,0,0,0.961218836565097,0.9576271186440678,18.38,42,17,20,heldout,17-20
fixed_schedule,,7,3,0.9875346260387812,0.9915254237288136,18.75,42,17,20,heldout,17-20
every_flag,,1,1,0.9847645429362881,0.9887005649717514,18.38,42,17,20,heldout,17-20
cost_gate_tau0.15,0.15,1,0,0.9695290858725761,0.9745762711864406,18.38,42,17,20,heldout,17-20
cost_gate_tau0.10,0.1,1,0,0.9695290858725761,0.9745762711864406,18.38,42,17,20,heldout,17-20
cost_gate_tau0.05,0.05,1,0,0.9695290858725761,0.9745762711864406,18.38,42,17,20,heldout,17-20
never_retrain,,0,0,0.7940717628705148,0.5510204081632653,18.5,7,1,10,auto,1-10
fixed_schedule,,6,3,0.8330733229329172,0.6360544217687074,18.75,7,1,10,auto,1-10
every_flag,,2,0,0.8081123244929798,0.5816326530612245,18.75,7,1,10,auto,1-10
cost_gate_tau0.15,0.15,0,0,0.7940717628705148,0.5510204081632653,18.5,7,1,10,auto,1-10
cost_gate_tau0.10,0.1,0,0,0.7940717628705148,0.5510204081632653,18.5,7,1,10,auto,1-10
cost_gate_tau0.05,0.05,0,0,0.7940717628705148,0.5510204081632653,18.5,7,1,10,auto,1-10
never_retrain,,0,0,0.8793828892005611,0.7650273224043715,18.5,7,1,16,auto,1-16
fixed_schedule,,7,3,0.906030855539972,0.8169398907103825,18.75,7,1,16,auto,1-16
every_flag,,2,0,0.8948106591865358,0.7950819672131147,18.56,7,1,16,auto,1-16
cost_gate_tau0.15,0.15,0,0,0.8793828892005611,0.7650273224043715,18.5,7,1,16,auto,1-16
cost_gate_tau0.10,0.1,1,0,0.9312762973352033,0.8661202185792349,18.5,7,1,16,auto,1-16
cost_gate_tau0.05,0.05,1,0,0.9312762973352033,0.8661202185792349,18.5,7,1,16,auto,1-16
never_retrain,,0,0,0.9070866141732283,0.7951388888888888,18.5,7,1,9,auto,1-9
fixed_schedule,,6,3,0.889763779527559,0.7569444444444444,18.75,7,1,9,auto,1-9
every_flag,,3,0,0.905511811023622,0.7916666666666666,18.75,7,1,9,auto,1-9
cost_gate_tau0.15,0.15,1,0,0.9007874015748032,0.78125,18.56,7,1,9,auto,1-9
cost_gate_tau0.10,0.1,1,0,0.9007874015748032,0.78125,18.56,7,1,9,auto,1-9
cost_gate_tau0.05,0.05,1,0,0.9007874015748032,0.78125,18.56,7,1,9,auto,1-9
never_retrain,,0,0,0.9214175654853621,0.8311258278145696,18.5,7,1,5,auto,1-5
fixed_schedule,,6,3,0.9506933744221879,0.8940397350993378,18.75,7,1,5,auto,1-5
every_flag,,3,0,0.975346687211094,0.9470198675496688,18.75,7,1,5,auto,1-5
cost_gate_tau0.15,0.15,1,0,0.9460708782742681,0.8841059602649006,18.5,7,1,5,auto,1-5
cost_gate_tau0.10,0.1,1,0,0.9460708782742681,0.8841059602649006,18.5,7,1,5,auto,1-5
cost_gate_tau0.05,0.05,1,0,0.9460708782742681,0.8841059602649006,18.5,7,1,5,auto,1-5
never_retrain,,0,0,0.9382530120481928,0.8706624605678234,18.5,7,1,4,auto,1-4
fixed_schedule,,6,3,0.9608433734939759,0.917981072555205,18.75,7,1,4,auto,1-4
every_flag,,3,0,0.9608433734939759,0.917981072555205,18.75,7,1,4,auto,1-4
cost_gate_tau0.15,0.15,0,0,0.9382530120481928,0.8706624605678234,18.5,7,1,4,auto,1-4
cost_gate_tau0.10,0.1,0,0,0.9382530120481928,0.8706624605678234,18.5,7,1,4,auto,1-4
cost_gate_tau0.05,0.05,0,0,0.9382530120481928,0.8706624605678234,18.5,7,1,4,auto,1-4
never_retrain,,0,0,0.9522342064714946,0.8973509933774835,18.5,7,1,2,auto,1-2
fixed_schedule,,6,3,0.963020030816641,0.9205298013245033,18.75,7,1,2,auto,1-2
every_flag,,1,0,0.9506933744221879,0.8940397350993378,18.56,7,1,2,auto,1-2
cost_gate_tau0.15,0.15,0,0,0.9522342064714946,0.8973509933774835,18.5,7,1,2,auto,1-2
cost_gate_tau0.10,0.1,0,0,0.9522342064714946,0.8973509933774835,18.5,7,1,2,auto,1-2
cost_gate_tau0.05,0.05,0,0,0.9522342064714946,0.8973509933774835,18.5,7,1,2,auto,1-2
never_retrain,,0,0,0.6929530201342282,0.5510204081632653,18.0,7,5,10,forced,5-10
fixed_schedule,,5,3,0.8221476510067114,0.727891156462585,18.75,7,5,10,forced,5-10
every_flag,,4,2,0.8036912751677853,0.7142857142857143,18.75,7,5,10,forced,5-10
cost_gate_tau0.15,0.15,1,0,0.7265100671140939,0.6190476190476191,18.19,7,5,10,forced,5-10
cost_gate_tau0.10,0.1,3,1,0.8003355704697986,0.7074829931972789,18.38,7,5,10,forced,5-10
cost_gate_tau0.05,0.05,3,1,0.8003355704697986,0.7074829931972789,18.38,7,5,10,forced,5-10
never_retrain,,0,0,0.8438948995363215,0.7650273224043715,17.06,7,8,16,forced,8-16
fixed_schedule,,6,2,0.884080370942813,0.7950819672131147,18.44,7,8,16,forced,8-16
every_flag,,3,1,0.8701700154559505,0.773224043715847,18.25,7,8,16,forced,8-16
cost_gate_tau0.15,0.15,1,0,0.8918083462132921,0.8497267759562841,17.62,7,8,16,forced,8-16
cost_gate_tau0.10,0.1,1,0,0.8918083462132921,0.8497267759562841,17.62,7,8,16,forced,8-16
cost_gate_tau0.05,0.05,1,0,0.8918083462132921,0.8497267759562841,17.62,7,8,16,forced,8-16
never_retrain,,0,0,0.847457627118644,0.7951388888888888,18.06,7,2,9,forced,2-9
fixed_schedule,,5,3,0.8508474576271187,0.7743055555555556,18.75,7,2,9,forced,2-9
every_flag,,3,1,0.8745762711864407,0.7465277777777778,18.44,7,2,9,forced,2-9
cost_gate_tau0.15,0.15,1,0,0.8355932203389831,0.7708333333333334,18.19,7,2,9,forced,2-9
cost_gate_tau0.10,0.1,2,0,0.8254237288135593,0.75,18.38,7,2,9,forced,2-9
cost_gate_tau0.05,0.05,2,0,0.8254237288135593,0.75,18.38,7,2,9,forced,2-9
never_retrain,,0,0,0.91875,0.8706624605678234,18.44,7,14,4,forced,14-4
fixed_schedule,,6,3,0.9125,0.8359621451104101,18.75,7,14,4,forced,14-4
every_flag,,3,1,0.9203125,0.861198738170347,18.44,7,14,4,forced,14-4
cost_gate_tau0.15,0.15,0,0,0.91875,0.8706624605678234,18.44,7,14,4,forced,14-4
cost_gate_tau0.10,0.1,2,0,0.9171875,0.8675078864353312,18.44,7,14,4,forced,14-4
cost_gate_tau0.05,0.05,2,1,0.921875,0.8643533123028391,18.44,7,14,4,forced,14-4
never_retrain,,0,0,0.9368998628257887,0.9144254278728606,18.5,7,12,25,forced,12-25
fixed_schedule,,7,3,0.9396433470507545,0.902200488997555,18.75,7,12,25,forced,12-25
every_flag,,4,3,0.9410150891632373,0.902200488997555,18.75,7,12,25,forced,12-25
cost_gate_tau0.15,0.15,1,0,0.9410150891632373,0.921760391198044,18.75,7,12,25,forced,12-25
cost_gate_tau0.10,0.1,1,0,0.9506172839506173,0.9388753056234719,18.5,7,12,25,forced,12-25
cost_gate_tau0.05,0.05,1,1,0.9506172839506173,0.9266503667481663,18.75,7,12,25,forced,12-25
never_retrain,,0,0,0.9699842022116903,0.9805194805194806,18.62,7,6,7,forced,6-7
fixed_schedule,,6,3,0.9510268562401264,0.9025974025974026,18.75,7,6,7,forced,6-7
every_flag,,2,1,0.9541864139020537,0.9090909090909091,18.75,7,6,7,forced,6-7
cost_gate_tau0.15,0.15,0,0,0.9699842022116903,0.9805194805194806,18.62,7,6,7,forced,6-7
cost_gate_tau0.10,0.1,0,0,0.9699842022116903,0.9805194805194806,18.62,7,6,7,forced,6-7
cost_gate_tau0.05,0.05,0,0,0.9699842022116903,0.9805194805194806,18.62,7,6,7,forced,6-7
never_retrain,,0,0,0.9455587392550143,0.9005235602094241,18.31,7,11,28,heldout,11-28
fixed_schedule,,6,3,0.9455587392550143,0.9005235602094241,18.75,7,11,28,heldout,11-28
every_flag,,2,0,0.9455587392550143,0.9005235602094241,18.5,7,11,28,heldout,11-28
cost_gate_tau0.15,0.15,1,0,0.9455587392550143,0.9005235602094241,18.5,7,11,28,heldout,11-28
cost_gate_tau0.10,0.1,1,0,0.9455587392550143,0.9005235602094241,18.5,7,11,28,heldout,11-28
cost_gate_tau0.05,0.05,1,0,0.9455587392550143,0.9005235602094241,18.5,7,11,28,heldout,11-28
never_retrain,,0,0,0.9642857142857143,0.9302325581395349,18.12,7,15,29,heldout,15-29
fixed_schedule,,6,3,0.9613095238095238,0.9244186046511628,18.75,7,15,29,heldout,15-29
every_flag,,1,0,0.9747023809523809,0.9505813953488372,18.56,7,15,29,heldout,15-29
cost_gate_tau0.15,0.15,0,0,0.9642857142857143,0.9302325581395349,18.12,7,15,29,heldout,15-29
cost_gate_tau0.10,0.1,0,0,0.9642857142857143,0.9302325581395349,18.12,7,15,29,heldout,15-29
cost_gate_tau0.05,0.05,0,0,0.9642857142857143,0.9302325581395349,18.12,7,15,29,heldout,15-29
never_retrain,,0,0,0.9685792349726776,0.9381720430107527,17.44,7,19,23,heldout,19-23
fixed_schedule,,7,3,0.9494535519125683,0.9005376344086021,18.75,7,19,23,heldout,19-23
every_flag,,2,0,0.9398907103825137,0.8817204301075269,18.62,7,19,23,heldout,19-23
cost_gate_tau0.15,0.15,0,0,0.9685792349726776,0.9381720430107527,17.44,7,19,23,heldout,19-23
cost_gate_tau0.10,0.1,0,0,0.9685792349726776,0.9381720430107527,17.44,7,19,23,heldout,19-23
cost_gate_tau0.05,0.05,0,0,0.9685792349726776,0.9381720430107527,17.44,7,19,23,heldout,19-23
never_retrain,,0,0,0.9510204081632653,0.9436274509803921,18.5,7,13,21,heldout,13-21
fixed_schedule,,7,3,0.9836734693877551,0.9926470588235294,18.75,7,13,21,heldout,13-21
every_flag,,3,1,0.9959183673469387,0.9950980392156863,18.56,7,13,21,heldout,13-21
cost_gate_tau0.15,0.15,1,0,0.9714285714285714,0.9803921568627451,18.56,7,13,21,heldout,13-21
cost_gate_tau0.10,0.1,1,0,0.9714285714285714,0.9803921568627451,18.56,7,13,21,heldout,13-21
cost_gate_tau0.05,0.05,1,0,0.9714285714285714,0.9803921568627451,18.56,7,13,21,heldout,13-21
never_retrain,,0,0,0.9598393574297188,0.9560439560439561,18.75,7,30,18,heldout,30-18
fixed_schedule,,7,3,0.965194109772423,0.9615384615384616,18.75,7,30,18,heldout,30-18
every_flag,,2,1,0.9625167336010709,0.9615384615384616,18.75,7,30,18,heldout,30-18
cost_gate_tau0.15,0.15,1,0,0.963855421686747,0.9642857142857143,18.75,7,30,18,heldout,30-18
cost_gate_tau0.10,0.1,1,0,0.963855421686747,0.9642857142857143,18.75,7,30,18,heldout,30-18
cost_gate_tau0.05,0.05,1,0,0.963855421686747,0.9642857142857143,18.75,7,30,18,heldout,30-18
never_retrain,,0,0,0.961218836565097,0.9576271186440678,18.38,7,17,20,heldout,17-20
fixed_schedule,,7,3,0.9944598337950139,0.9943502824858758,18.75,7,17,20,heldout,17-20
every_flag,,1,1,0.9750692520775623,0.9858757062146892,18.38,7,17,20,heldout,17-20
cost_gate_tau0.15,0.15,1,0,0.9695290858725761,0.9745762711864406,18.38,7,17,20,heldout,17-20
cost_gate_tau0.10,0.1,1,0,0.9695290858725761,0.9745762711864406,18.38,7,17,20,heldout,17-20
cost_gate_tau0.05,0.05,1,0,0.9695290858725761,0.9745762711864406,18.38,7,17,20,heldout,17-20
never_retrain,,0,0,0.7940717628705148,0.5510204081632653,18.5,2024,1,10,auto,1-10
fixed_schedule,,6,3,0.8330733229329172,0.6360544217687074,18.75,2024,1,10,auto,1-10
every_flag,,2,0,0.84399375975039,0.6598639455782314,18.75,2024,1,10,auto,1-10
cost_gate_tau0.15,0.15,0,0,0.7940717628705148,0.5510204081632653,18.5,2024,1,10,auto,1-10
cost_gate_tau0.10,0.1,0,0,0.7940717628705148,0.5510204081632653,18.5,2024,1,10,auto,1-10
cost_gate_tau0.05,0.05,0,0,0.7940717628705148,0.5510204081632653,18.5,2024,1,10,auto,1-10
never_retrain,,0,0,0.8793828892005611,0.7650273224043715,18.5,2024,1,16,auto,1-16
fixed_schedule,,7,3,0.9102384291725105,0.825136612021858,18.75,2024,1,16,auto,1-16
every_flag,,2,0,0.8920056100981767,0.7896174863387978,18.56,2024,1,16,auto,1-16
cost_gate_tau0.15,0.15,0,0,0.8793828892005611,0.7650273224043715,18.5,2024,1,16,auto,1-16
cost_gate_tau0.10,0.1,1,0,0.9312762973352033,0.8661202185792349,18.5,2024,1,16,auto,1-16
cost_gate_tau0.05,0.05,1,0,0.9312762973352033,0.8661202185792349,18.5,2024,1,16,auto,1-16
never_retrain,,0,0,0.9070866141732283,0.7951388888888888,18.5,2024,1,9,auto,1-9
fixed_schedule,,6,3,0.8929133858267717,0.7638888888888888,18.75,2024,1,9,auto,1-9
every_flag,,3,0,0.9007874015748032,0.78125,18.75,2024,1,9,auto,1-9
cost_gate_tau0.15,0.15,1,0,0.9007874015748032,0.78125,18.56,2024,1,9,auto,1-9
cost_gate_tau0.10,0.1,1,0,0.9007874015748032,0.78125,18.56,2024,1,9,auto,1-9
cost_gate_tau0.05,0.05,1,0,0.9007874015748032,0.78125,18.56,2024,1,9,auto,1-9
never_retrain,,0,0,0.9214175654853621,0.8311258278145696,18.5,2024,1,5,auto,1-5
fixed_schedule,,6,3,0.9491525423728814,0.890728476821192,18.75,2024,1,5,auto,1-5
every_flag,,3,0,0.9784283513097073,0.9536423841059603,18.75,2024,1,5,auto,1-5
cost_gate_tau0.15,0.15,1,0,0.9460708782742681,0.8841059602649006,18.5,2024,1,5,auto,1-5
cost_gate_tau0.10,0.1,1,0,0.9460708782742681,0.8841059602649006,18.5,2024,1,5,auto,1-5
cost_gate_tau0.05,0.05,1,0,0.9460708782742681,0.8841059602649006,18.5,2024,1,5,auto,1-5
never_retrain,,0,0,0.9382530120481928,0.8706624605678234,18.5,2024,1,4,auto,1-4
fixed_schedule,,6,3,0.963855421686747,0.9242902208201893,18.75,2024,1,4,auto,1-4
every_flag,,3,0,0.9533132530120482,0.9022082018927444,18.75,2024,1,4,auto,1-4
cost_gate_tau0.15,0.15,0,0,0.9382530120481928,0.8706624605678234,18.5,2024,1,4,auto,1-4
cost_gate_tau0.10,0.1,0,0,0.9382530120481928,0.8706624605678234,18.5,2024,1,4,auto,1-4
cost_gate_tau0.05,0.05,0,0,0.9382530120481928,0.8706624605678234,18.5,2024,1,4,auto,1-4
never_retrain,,0,0,0.9522342064714946,0.8973509933774835,18.5,2024,1,2,auto,1-2
fixed_schedule,,6,3,0.963020030816641,0.9205298013245033,18.75,2024,1,2,auto,1-2
every_flag,,1,0,0.9522342064714946,0.8973509933774835,18.56,2024,1,2,auto,1-2
cost_gate_tau0.15,0.15,0,0,0.9522342064714946,0.8973509933774835,18.5,2024,1,2,auto,1-2
cost_gate_tau0.10,0.1,0,0,0.9522342064714946,0.8973509933774835,18.5,2024,1,2,auto,1-2
cost_gate_tau0.05,0.05,0,0,0.9522342064714946,0.8973509933774835,18.5,2024,1,2,auto,1-2
never_retrain,,0,0,0.6929530201342282,0.5510204081632653,18.0,2024,5,10,forced,5-10
fixed_schedule,,5,3,0.8204697986577181,0.7244897959183674,18.75,2024,5,10,forced,5-10
every_flag,,4,2,0.802013422818792,0.7108843537414966,18.75,2024,5,10,forced,5-10
cost_gate_tau0.15,0.15,1,0,0.7332214765100671,0.6326530612244898,18.19,2024,5,10,forced,5-10
cost_gate_tau0.10,0.1,3,1,0.802013422818792,0.7108843537414966,18.38,2024,5,10,forced,5-10
cost_gate_tau0.05,0.05,3,1,0.802013422818792,0.7108843537414966,18.38,2024,5,10,forced,5-10
never_retrain,,0,0,0.8438948995363215,0.7650273224043715,17.06,2024,8,16,forced,8-16
fixed_schedule,,6,2,0.884080370942813,0.7950819672131147,18.44,2024,8,16,forced,8-16
every_flag,,3,1,0.8717156105100463,0.7759562841530054,18.25,2024,8,16,forced,8-16
cost_gate_tau0.15,0.15,1,0,0.8918083462132921,0.8497267759562841,17.62,2024,8,16,forced,8-16
cost_gate_tau0.10,0.1,1,0,0.8918083462132921,0.8497267759562841,17.62,2024,8,16,forced,8-16
cost_gate_tau0.05,0.05,1,0,0.8918083462132921,0.8497267759562841,17.62,2024,8,16,forced,8-16
never_retrain,,0,0,0.847457627118644,0.7951388888888888,18.06,2024,2,9,forced,2-9
fixed_schedule,,5,3,0.8508474576271187,0.7743055555555556,18.75,2024,2,9,forced,2-9
every_flag,,3,1,0.8745762711864407,0.7465277777777778,18.44,2024,2,9,forced,2-9
cost_gate_tau0.15,0.15,1,0,0.8372881355932204,0.7743055555555556,18.19,2024,2,9,forced,2-9
cost_gate_tau0.10,0.1,2,0,0.8288135593220339,0.7569444444444444,18.38,2024,2,9,forced,2-9
cost_gate_tau0.05,0.05,2,0,0.8288135593220339,0.7569444444444444,18.38,2024,2,9,forced,2-9
never_retrain,,0,0,0.91875,0.8706624605678234,18.44,2024,14,4,forced,14-4
fixed_schedule,,6,3,0.9125,0.8391167192429022,18.75,2024,14,4,forced,14-4
every_flag,,3,1,0.9265625,0.8738170347003155,18.44,2024,14,4,forced,14-4
cost_gate_tau0.15,0.15,0,0,0.91875,0.8706624605678234,18.44,2024,14,4,forced,14-4
cost_gate_tau0.10,0.1,2,0,0.921875,0.8769716088328076,18.44,2024,14,4,forced,14-4
cost_gate_tau0.05,0.05,2,1,0.921875,0.8643533123028391,18.44,2024,14,4,forced,14-4
never_retrain,,0,0,0.9368998628257887,0.9144254278728606,18.5,2024,12,25,forced,12-25
fixed_schedule,,7,3,0.9327846364883402,0.8875305623471883,18.75,2024,12,25,forced,12-25
every_flag,,5,3,0.9423868312757202,0.9046454767726162,18.75,2024,12,25,forced,12-25
cost_gate_tau0.15,0.15,1,0,0.9410150891632373,0.921760391198044,18.75,2024,12,25,forced,12-25
cost_gate_tau0.10,0.1,1,0,0.9451303155006858,0.9290953545232274,18.5,2024,12,25,forced,12-25
cost_gate_tau0.05,0.05,1,1,0.9519890260631001,0.9290953545232274,18.75,2024,12,25,forced,12-25
never_retrain,,0,0,0.9699842022116903,0.9805194805194806,18.62,2024,6,7,forced,6-7
fixed_schedule,,6,3,0.9462875197472354,0.8928571428571429,18.75,2024,6,7,forced,6-7
every_flag,,2,1,0.9510268562401264,0.9025974025974026,18.75,2024,6,7,forced,6-7
cost_gate_tau0.15,0.15,0,0,0.9699842022116903,0.9805194805194806,18.62,2024,6,7,forced,6-7
cost_gate_tau0.10,0.1,0,0,0.9699842022116903,0.9805194805194806,18.62,2024,6,7,forced,6-7
cost_gate_tau0.05,0.05,0,0,0.9699842022116903,0.9805194805194806,18.62,2024,6,7,forced,6-7
never_retrain,,0,0,0.9455587392550143,0.9005235602094241,18.31,2024,11,28,heldout,11-28
fixed_schedule,,6,3,0.9455587392550143,0.9005235602094241,18.75,2024,11,28,heldout,11-28
every_flag,,2,0,0.9455587392550143,0.9005235602094241,18.5,2024,11,28,heldout,11-28
cost_gate_tau0.15,0.15,1,0,0.9455587392550143,0.9005235602094241,18.5,2024,11,28,heldout,11-28
cost_gate_tau0.10,0.1,1,0,0.9455587392550143,0.9005235602094241,18.5,2024,11,28,heldout,11-28
cost_gate_tau0.05,0.05,1,0,0.9455587392550143,0.9005235602094241,18.5,2024,11,28,heldout,11-28
never_retrain,,0,0,0.9642857142857143,0.9302325581395349,18.12,2024,15,29,heldout,15-29
fixed_schedule,,6,3,0.9553571428571429,0.9127906976744186,18.75,2024,15,29,heldout,15-29
every_flag,,1,0,0.9657738095238095,0.9331395348837209,18.56,2024,15,29,heldout,15-29
cost_gate_tau0.15,0.15,0,0,0.9642857142857143,0.9302325581395349,18.12,2024,15,29,heldout,15-29
cost_gate_tau0.10,0.1,0,0,0.9642857142857143,0.9302325581395349,18.12,2024,15,29,heldout,15-29
cost_gate_tau0.05,0.05,0,0,0.9642857142857143,0.9302325581395349,18.12,2024,15,29,heldout,15-29
never_retrain,,0,0,0.9685792349726776,0.9381720430107527,17.44,2024,19,23,heldout,19-23
fixed_schedule,,7,3,0.9494535519125683,0.9005376344086021,18.75,2024,19,23,heldout,19-23
every_flag,,4,0,0.9467213114754098,0.8951612903225806,18.75,2024,19,23,heldout,19-23
cost_gate_tau0.15,0.15,0,0,0.9685792349726776,0.9381720430107527,17.44,2024,19,23,heldout,19-23
cost_gate_tau0.10,0.1,0,0,0.9685792349726776,0.9381720430107527,17.44,2024,19,23,heldout,19-23
cost_gate_tau0.05,0.05,0,0,0.9685792349726776,0.9381720430107527,17.44,2024,19,23,heldout,19-23
never_retrain,,0,0,0.9510204081632653,0.9436274509803921,18.5,2024,13,21,heldout,13-21
fixed_schedule,,7,3,0.9836734693877551,0.9926470588235294,18.75,2024,13,21,heldout,13-21
every_flag,,3,1,0.9959183673469387,0.9950980392156863,18.56,2024,13,21,heldout,13-21
cost_gate_tau0.15,0.15,1,0,0.9714285714285714,0.9803921568627451,18.56,2024,13,21,heldout,13-21
cost_gate_tau0.10,0.1,1,0,0.9714285714285714,0.9803921568627451,18.56,2024,13,21,heldout,13-21
cost_gate_tau0.05,0.05,1,0,0.9714285714285714,0.9803921568627451,18.56,2024,13,21,heldout,13-21
never_retrain,,0,0,0.9598393574297188,0.9560439560439561,18.75,2024,30,18,heldout,30-18
fixed_schedule,,7,3,0.963855421686747,0.9615384615384616,18.75,2024,30,18,heldout,30-18
every_flag,,2,1,0.9625167336010709,0.9615384615384616,18.75,2024,30,18,heldout,30-18
cost_gate_tau0.15,0.15,1,0,0.963855421686747,0.9642857142857143,18.75,2024,30,18,heldout,30-18
cost_gate_tau0.10,0.1,1,0,0.963855421686747,0.9642857142857143,18.75,2024,30,18,heldout,30-18
cost_gate_tau0.05,0.05,1,0,0.963855421686747,0.9642857142857143,18.75,2024,30,18,heldout,30-18
never_retrain,,0,0,0.961218836565097,0.9576271186440678,18.38,2024,17,20,heldout,17-20
fixed_schedule,,7,3,0.9916897506925207,0.9943502824858758,18.75,2024,17,20,heldout,17-20
every_flag,,1,1,0.9847645429362881,0.9887005649717514,18.38,2024,17,20,heldout,17-20
cost_gate_tau0.15,0.15,1,0,0.9695290858725761,0.9745762711864406,18.38,2024,17,20,heldout,17-20
cost_gate_tau0.10,0.1,1,0,0.9695290858725761,0.9745762711864406,18.38,2024,17,20,heldout,17-20
cost_gate_tau0.05,0.05,1,0,0.9695290858725761,0.9745762711864406,18.38,2024,17,20,heldout,17-20
