subject_A,subject_B,flag_index,samples_after_true_drift,baseline_error_rate,recent_error_rate,severity
5,10,166,-136,0.169,0.267,0.118
5,10,460,158,0.169,0.4,0.278
8,16,136,-145,0.053,0.033,0.0
8,16,468,187,0.053,0.3,0.261
2,9,31,-271,0.103,0.033,0.0
2,9,315,13,0.103,0.4,0.331
2,9,451,149,0.103,0.167,0.071
14,4,209,-114,0.034,0.1,0.068
14,4,329,6,0.034,0.167,0.137
12,25,43,-277,0.034,0.033,0.0
12,25,138,-182,0.034,0.1,0.068
12,25,342,22,0.034,0.167,0.137
12,25,515,195,0.034,0.367,0.344
6,7,50,-275,0.04,0.033,0.0
6,7,207,-118,0.04,0.033,0.0
