group,gate,versus,n_pairs,mean_acc_diff,ci95_low,ci95_high,pairs_better,pairs_tied,pairs_worse,retrain_ratio
tuned_12,cost_gate_tau0.15,never_retrain,12,0.0151,-0.0014,0.0349,4,6,2,
tuned_12,cost_gate_tau0.15,every_flag,12,-0.01,-0.0398,0.019,5,1,6,0.1782
tuned_12,cost_gate_tau0.15,fixed_schedule,12,-0.0099,-0.0422,0.0206,5,1,6,0.0833
tuned_12,cost_gate_tau0.10,never_retrain,12,0.0282,0.0022,0.0571,5,5,2,
tuned_12,cost_gate_tau0.10,every_flag,12,0.003,-0.0255,0.0317,6,1,5,0.3366
tuned_12,cost_gate_tau0.10,fixed_schedule,12,0.0031,-0.0255,0.0308,6,0,6,0.1574
tuned_12,cost_gate_tau0.05,never_retrain,12,0.0293,0.0005,0.0615,5,4,3,
tuned_12,cost_gate_tau0.05,every_flag,12,0.0041,-0.0234,0.0317,5,2,5,0.3465
tuned_12,cost_gate_tau0.05,fixed_schedule,12,0.0042,-0.0235,0.0298,6,0,6,0.162
heldout_6,cost_gate_tau0.15,never_retrain,6,0.0102,0.0012,0.022,3,3,0,
heldout_6,cost_gate_tau0.15,every_flag,6,0.003,-0.0108,0.0243,1,2,3,0.3243
heldout_6,cost_gate_tau0.15,fixed_schedule,6,0.0031,-0.0101,0.0194,2,2,2,0.1
heldout_6,cost_gate_tau0.10,never_retrain,6,0.0102,0.0012,0.022,3,3,0,
heldout_6,cost_gate_tau0.10,every_flag,6,0.003,-0.011,0.024,1,2,3,0.3243
heldout_6,cost_gate_tau0.10,fixed_schedule,6,0.0031,-0.0102,0.0197,2,2,2,0.1
heldout_6,cost_gate_tau0.05,never_retrain,6,0.0102,0.0012,0.022,3,3,0,
heldout_6,cost_gate_tau0.05,every_flag,6,0.003,-0.011,0.0243,1,2,3,0.3243
heldout_6,cost_gate_tau0.05,fixed_schedule,6,0.0031,-0.0102,0.0187,2,2,2,0.1
all_18,cost_gate_tau0.15,never_retrain,18,0.0135,0.0016,0.0271,7,9,2,
all_18,cost_gate_tau0.15,every_flag,18,-0.0057,-0.0266,0.0149,6,3,9,0.2174
all_18,cost_gate_tau0.15,fixed_schedule,18,-0.0056,-0.0278,0.0156,7,3,8,0.0893
all_18,cost_gate_tau0.10,never_retrain,18,0.0222,0.004,0.0419,8,8,2,
all_18,cost_gate_tau0.10,every_flag,18,0.003,-0.0176,0.0233,7,3,8,0.3333
all_18,cost_gate_tau0.10,fixed_schedule,18,0.0031,-0.0165,0.0222,8,2,8,0.1369
all_18,cost_gate_tau0.05,never_retrain,18,0.0229,0.0036,0.0465,8,7,3,
all_18,cost_gate_tau0.05,every_flag,18,0.0038,-0.0158,0.0231,6,4,8,0.3406
all_18,cost_gate_tau0.05,fixed_schedule,18,0.0038,-0.015,0.022,8,2,8,0.1399
