subject_A,subject_B,flag_index,samples_after_true_drift,severity,accuracy_gain,benefit_score,is_false_alarm,is_real_detection
1,10,409,62,0.033,0.0,0.0,False,True
1,10,494,147,0.033,0.033,0.0011,False,True
1,16,383,36,0.033,-0.5,-0.0167,False,True
1,16,529,182,0.133,0.967,0.1289,False,True
1,9,349,2,0.033,0.567,0.0189,False,True
1,9,500,153,0.3,0.267,0.08,False,True
1,5,347,0,0.033,0.467,0.0156,False,True
1,5,513,166,0.267,0.667,0.1778,False,True
1,4,349,2,0.033,0.5,0.0167,False,True
1,2,378,31,0.033,0.0,0.0,False,True
5,10,166,-136,0.118,0.667,0.0784,True,False
5,10,460,158,0.278,0.0,0.0,False,True
8,16,136,-145,0.0,0.467,0.0,True,False
8,16,468,187,0.261,0.967,0.2518,False,True
2,9,31,-271,0.0,0.733,0.0,True,False
2,9,315,13,0.331,-0.067,-0.0221,False,True
2,9,451,149,0.071,0.1,0.0071,False,True
14,4,209,-114,0.068,0.133,0.0091,True,False
14,4,329,6,0.137,-0.033,-0.0046,False,True
12,25,43,-277,0.0,0.033,0.0,True,False
12,25,138,-182,0.068,0.1,0.0068,True,False
12,25,342,22,0.137,0.0,0.0,False,True
12,25,515,195,0.344,0.1,0.0344,False,True
6,7,50,-275,0.0,0.0,0.0,True,False
6,7,207,-118,0.0,0.367,0.0,True,False
